Short link,Destination URL,Clicks,Created at
https://locodev.dev/docs/obstacleavoidstandard/_lB79j2z7DW1v,https://gamma.app/docs/UE57-Obstacle-Avoidance-NPC-Bump-System-v49lm4cmi1zksq5,24,2026-03-21T01:34:16.687Z
https://locodev.dev/docs/rmlocomotion,https://docs.google.com/document/d/1lVejOjnyAzVVTIBa0tN0C9X8cch-td9GnH8PRPQTsOw/edit?usp=sharing,22,2026-03-01T12:21:04.733Z
https://locodev.dev/docs/ragdollbasic,https://docs.google.com/document/d/12XeqpZfNdGkvB1IdgDK-NQG_IKQl0lXcCYEFnEhX3po/edit?usp=sharing,80,2026-02-26T16:23:11.788Z
https://locodev.dev/notebooklm/ledgepremium,https://notebooklm.google.com/notebook/9ca1b6b7-171f-445f-a2f8-55310e23ab1b,86,2026-02-26T15:12:08.111Z
https://locodev.dev/docs/punchcombatstandard,https://docs.google.com/document/d/1EBtHfLoYVb0PuKcKc64H6H7KHIPq9bW9Zl3A-1g_K3Y/edit?usp=sharing,50,2026-02-26T00:09:36.051Z
https://locodev.dev/docs/weaponstandard,https://docs.google.com/document/d/1vU3TUY_jt6l1GgC2s4ZrosJ1qK7xRLQTKyN-7lMrJGc/edit?usp=sharing,118,2026-02-25T21:05:01.777Z
https://locodev.dev/docs/ledgepremium,https://docs.google.com/document/d/1woYiA_MZtU4m4oUxrKnifzpzYM7_nJL7u0G8QpLX3Ok/edit?usp=sharing,356,2026-02-24T20:34:38.883Z
https://locodev.dev/p/obstacleavoidance,https://www.patreon.com/posts/153549763,295,2026-03-29T12:54:55.378Z
https://locodev.dev/p/narrowpassagepremium,https://www.patreon.com/posts/89692824,16,2026-03-01T12:35:36.708Z
https://locodev.dev/p/grapplingstandard,https://www.patreon.com/posts/103229573,33,2026-03-01T12:31:04.345Z
https://locodev.dev/p/ladderstandard,https://www.patreon.com/posts/86851292,42,2026-03-01T12:27:56.160Z
https://locodev.dev/p/rmlocomotion,https://www.patreon.com/posts/107257023,38,2026-03-01T12:19:08.608Z
https://locodev.dev/p/pushpullpremium,https://www.patreon.com/posts/88981864,31,2026-02-26T17:24:45.179Z
https://locodev.dev/p/ragdollbasic,https://www.patreon.com/posts/119952321,102,2026-02-26T16:29:24.679Z
https://locodev.dev/p/gaspalsstandard,https://www.patreon.com/posts/gasp-als-project-131031166,33,2026-02-26T16:14:57.496Z
https://locodev.dev/p/gaspalspremium,https://www.patreon.com/posts/gasp-als-premium-131864419,39,2026-02-26T16:14:09.029Z
https://locodev.dev/p/punchcombatstandard,https://www.patreon.com/posts/122417296,88,2026-02-24T20:24:43.778Z
https://locodev.dev/p/weaponstandard,https://www.patreon.com/posts/118038442,175,2026-02-24T20:09:57.237Z
https://locodev.dev/p/ledgepremium,https://www.patreon.com/posts/137434286,688,2026-02-24T19:44:41.037Z
https://locodev.dev/download/obstacleavoid,https://drive.google.com/file/d/1LC1lBIGcPGPfDZj-SKnqxczmTm7gEtU6/view,19,2026-03-22T20:46:13.664Z
https://locodev.dev/donwload/obstacleavoidance/-6SH0RBfJyfh5rc,https://drive.google.com/file/d/1eRr2xpMUS-6SH0RBfJyfh5rc1jxYmle2/view?usp=sharing,28,2026-03-21T01:40:24.440Z
https://locodev.dev/download/build/obstacleavoid,https://drive.google.com/file/d/1LC1lBIGcPGPfDZj-SKnqxczmTm7gEtU6/view?usp=sharing,702,2026-03-21T01:37:09.055Z
https://locodev.dev/download/ledgepremium55/Gi_-lUvP_jH1IjKd,https://drive.google.com/file/d/1PGi_-lUvP_jH1IjKd6w2U0ITEDNjxdeV/view?usp=sharing,21,2026-03-20T01:05:34.887Z
https://locodev.dev/download/ledgepremium57/ql_iuAHfq4TP1,https://drive.google.com/file/d/1Mbfqpnmql_iuAHfDMbujVq4TP1b4TF9w/view?usp=sharing,26,2026-03-20T01:01:36.381Z
https://locodev.dev/download/ledgepremium55/DMbujVq4TP1,https://drive.google.com/file/d/1GRYtZ7J5zZxu5gaycJYvu_4lo2ZYwVg4/view?usp=sharing,20,2026-03-20T00:59:55.181Z
https://locodev.dev/download/punchpremium/jiK5n_jqKzY,https://drive.google.com/drive/folders/11PUGVSSetfPAJXgPAiI1jiK5n_jqKzYm?usp=sharing,19,2026-03-01T22:41:42.423Z
https://locodev.dev/download/crawlstandard/fXeumszpycdx6Gj6k,https://drive.google.com/drive/folders/1MudusOa_qli3g09CHNyF4BgdjPg6KGSZ?usp=sharing,15,2026-03-01T22:37:53.710Z
https://locodev.dev/download/swordpremium/YSwwPxpVo7sTA,https://mega.nz/folder/6VxWzIKI#OiJBaYSwwPxpVo7sTAxSGg,6,2026-03-01T22:34:51.816Z
https://locodev.dev/download/ledgestandard/WxHzP1E-u8YK-zCaOv5YZeS5,https://drive.google.com/open?id=178P046CcWxHzP1E-u8YK-zCaOv5YZeS5&usp=drive_fs,23,2026-03-01T22:27:14.203Z
https://locodev.dev/download/ragdollpremium/pB8X13rRBnXZj3,https://drive.google.com/open?id=16LCPkSb98D-APVy7X1Q4RglKS7_JplFT&usp=drive_fs,28,2026-03-01T19:59:10.041Z
https://locodev.dev/download/grapplehook/Uj4nSkqhRuEFo-E,https://drive.google.com/drive/folders/1HcG2R332tUj4nSkqhRuEFo-EFXMUXkCg?usp=sharing,9,2026-03-01T13:32:02.453Z
https://locodev.dev/download/weaponpremium/UIAZ2MG7MnZ,https://mega.nz/folder/SQwiUIAZ#2MG7MnZdH5c19TBf02W-LQ,15,2026-03-01T13:25:09.523Z
https://locodev.dev/download/weaponpremium/nUkXtawNldSd,https://drive.google.com/drive/folders/1bakCPL8TnUkXtawNldSd5T0_4lfHBEHU?usp=sharing,19,2026-03-01T13:24:30.806Z
https://locodev.dev/download/gaspalsstandard/MCuAalySVcl5oPx,https://drive.google.com/drive/folders/1t91B4gQhFMCuAalySVcl5oPx4H98IhE6?usp=sharing,18,2026-03-01T13:17:23.750Z
https://locodev.dev/download/gaspalspremiumUFOexyc0xH6G2P,https://drive.google.com/drive/folders/1LJwDt-UFOexyc0xH6G2P4YG-V0jIFPhz?usp=sharing,35,2026-03-01T13:11:53.179Z
https://locodev.dev/download/punchcombatstandard,https://drive.google.com/drive/folders/1j0UaPGghToSSM4r1vaLgFYk54n0oeCrR?usp=sharing,19,2026-03-01T13:08:52.168Z
https://locodev.dev/free/ragdollbasic,https://mega.nz/folder/vFw20KiQ#kEbNVExWitTsez7Jc5voCw,67,2026-02-26T16:46:04.823Z
https://locodev.dev/freebuild/gaspals,https://drive.google.com/file/d/1RP9JEvHFLf8TBMVetYocFz9GNyhuvM1z/view?usp=sharing,56,2026-02-26T16:17:54.320Z
https://locodev.dev/uecourse,https://blueprintmastery.hotmart.host/waitlist,133,2026-02-25T21:07:37.163Z
https://locodev.dev,https://www.patreon.com/cw/LocoDev/home,2913,2026-02-25T21:43:56.582Z
